{
  "schema": "1.0",
  "comment": "This file maps proto services/RPCs to the corresponding library clients/methods.",
  "language": "go",
  "protoPackage": "google.firestore.admin.v1",
  "libraryPackage": "cloud.google.com/go/firestore/apiv1/admin",
  "services": {
    "FirestoreAdmin": {
      "clients": {
        "grpc": {
          "libraryClient": "FirestoreAdminClient",
          "rpcs": {
            "CancelOperation": {
              "methods": [
                "CancelOperation"
              ]
            },
            "CreateIndex": {
              "methods": [
                "CreateIndex"
              ]
            },
            "DeleteIndex": {
              "methods": [
                "DeleteIndex"
              ]
            },
            "DeleteOperation": {
              "methods": [
                "DeleteOperation"
              ]
            },
            "ExportDocuments": {
              "methods": [
                "ExportDocuments"
              ]
            },
            "GetDatabase": {
              "methods": [
                "GetDatabase"
              ]
            },
            "GetField": {
              "methods": [
                "GetField"
              ]
            },
            "GetIndex": {
              "methods": [
                "GetIndex"
              ]
            },
            "GetOperation": {
              "methods": [
                "GetOperation"
              ]
            },
            "ImportDocuments": {
              "methods": [
                "ImportDocuments"
              ]
            },
            "ListDatabases": {
              "methods": [
                "ListDatabases"
              ]
            },
            "ListFields": {
              "methods": [
                "ListFields"
              ]
            },
            "ListIndexes": {
              "methods": [
                "ListIndexes"
              ]
            },
            "ListOperations": {
              "methods": [
                "ListOperations"
              ]
            },
            "UpdateDatabase": {
              "methods": [
                "UpdateDatabase"
              ]
            },
            "UpdateField": {
              "methods": [
                "UpdateField"
              ]
            }
          }
        }
      }
    }
  }
}
